,vector,keyword,hybrid
Celkem,82.0,87.0,95.0
EventSchema,0.92,0.64,0.84
BaseSchema,0.7763157894736842,0.9342105263157895,0.9736842105263158
