model,context_precision,answer_relevancy,faithfulness,context_recall
llama_3_70,0.8032361110757593,0.8992363069114785,0.8675000000000002,0.6894933333333333
llama_3_8,0.708252844385363,0.8183860877779707,0.8201616161616163,0.5613333333333334
mistral,0.83549999992,0.8994233199830575,0.9235186128825396,0.647906688888434
gpt3,0.8856286298144445,0.9252563427035801,0.8640740740740741,0.6990740740740741
